Business Name,Website,Toll Free No,Category
Blue Star,www.bluestarindia.com,18602666666,AC Dealers & Services & Rentals
Carrier Air Conditioner,www.carrierindia.com,180030003545,AC Dealers & Services & Rentals
Hitachi Air Conditioner (Delhi),www.hitachi.co.in,"18001020092,18601809080",AC Dealers & Services & Rentals
Panasonic,www.panasonic.com,18604251860,AC Dealers & Services & Rentals
Air Deccan,www.airdeccan.net,18004257008,Airlines & Airports
Air France,www.airfrance.inÂ ,18001800033,Airlines & Airports
Air India- Reservation Offices,www.airindia.com,1800227722,Airlines & Airports
Air Sahara,www.airsahara.net,1800223020,Airlines & Airports
Airasia,www.airasia.com,18605008000,Airlines & Airports
American Airlines,www.aa.com,18001807300,Airlines & Airports
British Airways,www.britishairways.com,"18001801213,18001021213",Airlines & Airports
Cathay Pacific,www.cathaypacific.com,18002091616,Airlines & Airports
Delta Airlines,www.delta.com,1800225200,Airlines & Airports
Emirates,www.emirates.com/in,18002332020,Airlines & Airports
Etihad Airways,www.etihadairways.com,18001233901,Airlines & Airports
Finnair,www.finnair.com/in,18001021233,Airlines & Airports
Flying Returns,www.flyingreturns.co.in,1800227722,Airlines & Airports
Go Air,www.goair.in,1800222111,Airlines & Airports
Gulf Airlines,www.gulfair.com,18001237474,Airlines & Airports
Indian Airlines,www.indianairlines.in,18001801407,Airlines & Airports
IndiGo,www.goindigo.in,18001803838,Airlines & Airports
Jet Airways,www.jetairways.com,1800225522,Airlines & Airports
Jet Lite,www.jetlite.com,1800223020,Airlines & Airports
Kingfisher Airlines,www.flykingfisher.com,"18001800101,18002333131",Airlines & Airports
Kingfisher Training Academy,www.kingfisheracademy.com,18002093800,Airlines & Airports
KLM,www.klm.com,18001800044,Airlines & Airports
Lufthansa - Miles & More,www.lufthansa.com,18001025838,Airlines & Airports
MDLR Airlines,www.mdlrairlines.in,18001031800,Airlines & Airports
Paramount Airways,www.onlineparamount.com,18001801234,Airlines & Airports
Rajiv Gandhi International Airport,www.hyderabad.aero,18004192008,Airlines & Airports
SpiceJet,www.spicejet.com,18001803333,Airlines & Airports
Swiss,www.swiss.com,1800220724,Airlines & Airports
Thai Airways (Mumbai),www.thaiairways.co.in,18001021225,Airlines & Airports
United Airlines,www.united.com,18002003344,Airlines & Airports
Virgin Atlantic - Delhi Reservation,www.virginatlantic.com,"1800112333,18001023000",Airlines & Airports
Ashok Leyland,www.ashokleyland.com,18002663340,Automotive
Audi India,www.audi.co.in,"1800112834,1800224800",Automotive
Automartindia,www.automartindia.com,1800224800,Automotive
Aviations India,www.aviatorsindia.com,18004259898,Automotive
Bajaj Auto Limited,www.bajajauto.com,18002332453,Automotive
BMW,www.bmw.in,18001032211,Automotive
Chevrolet,www.chevrolet.co.in,180030008080,Automotive
EDS,,18001028822,Automotive
Fiat India Private Limited,www.fiat-india.com,"1800225552,18002093428",Automotive
Ford,www.india.ford.com,18004253545,Automotive
Ford Car,www.india.ford.com,18004252500,Automotive
Goodyear,www.goodyear.co.in,18002666767,Automotive
Hero Motocorp,www.heromotocorp.com,18002660018,Automotive
Honda Car,www.hondacarindia.com,"1800113121,18001033121",Automotive
Honda Two Wheelers,www.herohonda.com,18001033434,Automotive
Hyundai,www.hyundai.co.in,"1800114645,18001024645",Automotive
JCB India,www.jcb.com,18002000522,Automotive
L & t,www.larsentoubro.com,18002094545,Automotive
Mahindra,www.mahindra.com,1800226075,Automotive
Mahindra 2 Wheelers,www.mahindra2wheelers.com,18002338883,Automotive
Mahindra First Choice,www.mahindrafirstchoice.com,18001024800,Automotive
Mahindra Motors,www.mahindra.com,18004251624,Automotive
Mahindra Renault,www.mahindrarenault.com,1800226006,Automotive
Mahindra Scorpio,www.mahindrascorpio.com,1800226006,Automotive
Mak Lubricants,www.maklubes.com,1800224160,Automotive
Maruti,www.marutisuzuki.com,1800111515,Automotive
Maruti Suzuki,www.marutisuzuki.com,18001800180,Automotive
Mercedes-Benz,www.mercedes-benz.co.in,18001029222,Automotive
Micro Technologies,www.microtechnologies.net,18002092000,Automotive
Nissan Micra,www.nissanmicra.co.in,18002094080,Automotive
Reva,www.revaindia.com,18004256789,Automotive
Sagas Auto Tec,www.sagas.co.in,18004250777,Automotive
Skoda Fabia,www.newskodafabia.co.in,18002094646,Automotive
Skoda India,www.skoda-auto.co.in,18001026464,Automotive
Skoda India,www.skoda-auto.co.in,18001026464,Automotive
Tata Aria,cars.tatamotors.com,18002097979,Automotive
Tata Manza,cars.tatamotors.com,18002097979,Automotive
Tata Motors,www.tatamotors.com,"1800225370,18002097979",Automotive
Toyota,www.toyotabharat.com,"18004250001,18001025001",Automotive
Tractors India Limited (TIL),www.tilindia.in,18003453355,Automotive
TVS Electronics,www.tvs-e.in,18004254566,Automotive
TVS Jive,www.tvsjive.com,18004252077,Automotive
TVS Motor,www.tvsmotor.in,1800425207,Automotive
Vespa,www.vespa.in,18001088784,Automotive
Volkswagen India,www.volkswagen.co.in,"18001020909,18002090909",Automotive
Volvo,www.volvocars.com,18002660388,Automotive
Windshield Experts,www.windshieldexperts.com,1800113636,Automotive
Yamaha,www.yamaha-motor-india.com,18004201600,Automotive
ABN AMRO,www.abnamro.com,1800112224,Banks
Allahabad Bank,www.allahabadbank.com,1800220363,Banks
American Express,http://home.americanexpress.com,1800222639,Banks
Andhra Bank,www.andhrabank.in,18004254059,Banks
Andhra Bank Debit Card,www.andhrabank.in,18004252910,Banks
Andhra Bank Net Banking,www.andhrabank.in,18004251515,Banks
ANZ Bank (Mumbai),www.anz.com,18002000269,Banks
Axis Bank,www.axisbank.com,"18002335577,18002095577",Banks
Bank of Baroda,www.bankofbaroda.com,1800224447,Banks
Bank of India,www.bankofindia.com,"1800229200,18004251112",Banks
Bank of India (BOI),www.bankofindia.co.in,"1800220088,1800220229",Banks
Bank of Maharashtra,www.bankofmaharashtra.in,"1800222340,1800220888",Banks
Barclays Bank,www.barclays.in,18002336565,Banks
Canara Bank,www.canarabank.in,18004250018,Banks
Cash Tree,www.cashtreeonline.com,18004251112,Banks
Cashnet India,www.cashnetindia.com,1800225087,Banks
Central Bank of India,www.centralbankofindia.co.in,1800222368,Banks
Centurion Bank of Punjab,www.centurionbop.co.in,18001023333,Banks
Citibank,www.online.citibank.co.in,18004252484,Banks
Citibank ombudsman,www.citibank.com/india,18004194357,Banks
CitiBusiness,www.citibank.com/india,18001800123,Banks
Corporation Bank,www.corpbank.com,1800443555,Banks
DCB Bank (Mumbai),www.dcbbank.com,18002095363,Banks
Dena Bank,www.denabank.com,"1800225740,1800225086",Banks
Deutsche Bank,www.deutschebank.co.in,"18001236601,18602666601",Banks
Development Credit Bank,www.dcbl.com,"1800225769,1800220545",Banks
Dhanlakshmi Bank,www.dhanbank.com,18004251747,Banks
Federal Bank,www.federalbank.co.in,18004251199,Banks
HDFC Bank,www.hdfcbank.com,18004254332,Banks
HDFC Bank Credit Cards,www.hdfcbank.com,18002664332,Banks
HDFC Deposits,www.hdfc.com,1800222022,Banks
HDFC Net Banking (Ahmedabad ),www.hdfcbank.com,1800224060,Banks
HSBC,www.hsbc.co.in,18002090100,Banks
HSBC Premier,www.hsbcpremier.com,"1800224722,18001034722",Banks
IBPS,www.ibps.in,1800222366,Banks
ICICI Amc (Mumbai),www.icicibank.com,1800200666,Banks
ICICI Bank,www.icicibank.com,"1800333499,1800224848",Banks
ICICI Bank Debit Card,www.icicibank.com,18602585000,Banks
ICICI Bank NRI,www.icicibank.com/nri,1800224848,Banks
IDBI Bank,www.idbi.com,"1800116999,18002004324",Banks
Indian Bank,www.indianbank.in,"1800441400,18004251400",Banks
Indian Overseas Bank,www.iob.in,"18004254445,18004257744",Banks
Indusind Bank,www.indusind.com,18602677777,Banks
ING Vysya,www.ingvysyabank.com,1800449900,Banks
ING Vysya Bank,www.ingvysyabank.com,"18004209900,18004259900",Banks
Karnataka Bank,www.karnatakabank.com,18004251444,Banks
Karur Vysya Bank,www.kvb.co.in,18001021916,Banks
Kotak Bank (Mumbai ),www.kotak.com,1800102602,Banks
Kotak Mahindra,www.kotak.com,18001026022,Banks
Kotak Mahindra Bank,www.kotak.com,1800226022,Banks
Lakshmi Vilas Bank,www.lvbank.com,18004252233,Banks
Lord Krishna Bank,www.lvbank.com,1800112300,Banks
Maharashtra Bank,www.bankofmaharashtra.in,"18001022636,18002334526,18002334722",Banks
National Bank for Agriculture and Rural Development (NABARD),www.nabard.org,1800229009,Banks
Oriental Bank of Commerce,www.obcindia.co.in,18003452424,Banks
PNB Credit Cards,www.pnbcard.in,"18001802345,1800226022",Banks
Punjab And Sind Bank,www.psbindia.com,18004198300,Banks
Punjab National Bank (PNB),www.pnbindia.com,18001802222,Banks
Punjab National Bank Debit Card Rewardz Point (PNB Rewardz),www.pnbrewardz.com,18002093335,Banks
SBH,www.sbhyd.com,18004251825,Banks
SBI,www.sbi.co.in,"18002337933,18004259010,1800441955",Banks
SBI Cards,www.sbicard.com,18001801290,Banks
SBI Railway Card,www.sbicard.com,18001801295,Banks
Small Industries Development Bank of India (SIDBI),www.sidbi.in,1800226753,Banks
South Indian Bank,www.southindianbank.com,"18008431800,18004251809",Banks
Standard Chartered Bank,www.standardchartered.co.in,"18003451212,18003455000",Banks
State Bank of Bikaner and Jaipur (SBBJ),www.sbbjbank.com,18001806005,Banks
State Bank of Hyderabad,www.sbhyd.com,18004254055,Banks
State Bank of India (SBI),www.statebankofindia.com,"1800112211,18004258002",Banks
State Bank of Indore,www.indorebank.org,"18002336677,18004252241",Banks
State Bank of Mysore,www.statebankofmysore.co.in,18004252244,Banks
State Bank of Patiala,www.sbp.co.in,18001802010,Banks
State Bank of Travancore (SBT),www.statebankoftravancore.com,18004255566,Banks
Syndicate Bank,www.syndicatebank.co,18004256655,Banks
Tamilnad Mercantile Bank (TMB),www.tmb.in,18004250426,Banks
Tata Card,www.tatacard.com,18001808282,Banks
UCO Bank,www.ucobank.com,18003450123,Banks
Union Bank of India,www.unionbankofindia.co.in,"1800222244,18002082244",Banks
United Bank of India,www.unitedbankofindia.com,18003450345,Banks
Vijaya Bank (Bangalore),www.vijayabank.com,18004255885,Banks
VISA - Credit and Debit Gold Cards,www.visagoldoffers.com,18004254446,Banks
Yes Bank,www.yesbank.in,18002000,Banks
Jaquar,www.jaquar.com,18001216808,Bath Room Solutions
Ald Automotive,www.aldautomotive.in,18001025253,Car Rentals
Avis,www.avis.com,"18001032847,1800112525",Car Rentals
Carnation,www.carnation.in,18001024400,Car Rentals
Carzonrent India,www.carzonrent.com,1800111212,Car Rentals
Aakash Institute,www.aakashinstitute.com,18001022727,Coaching/Training
Actor Prepares,www.actorprepares.net,"18002091231,18002704567",Coaching/Training
Aliah University,www.aliah.ac.in,18003451786,Coaching/Training
Amity - Lucknow Campus,www.amity.edu,18001800999,Coaching/Training
Amity - Noida Campus,www.amity.edu,1800110000,Coaching/Training
Apeejay Stya University,www.apeejay.edu,18001037888,Coaching/Training
Aptech Computer Education,www.aptech-education.com,18002091444,Coaching/Training
Aptech Limited,www.aptech.ac.in,1800221550,Coaching/Training
Asia Graduate School of Business,www.asiagsb.ac.in,1800229727,Coaching/Training
Asia-Pacific Institute of Management (AIM),www.asiapacific.edu,1800113334,Coaching/Training
Avalon Academy,www.avalonacademy.in,18001022002,Coaching/Training
Balaji Polytechnic Bhiwani,www.balajipolytech.org,18001801664,Coaching/Training
Bangalore Institute of Oncology,,18001026626,Coaching/Training
Bhiwani Board (HBSE),www.hbse.ac.in,18001804171,Coaching/Training
Bilcare Research Academy,www.bilcareacademy.com,18002091002,Coaching/Training
Canadian Institute for International Studies,www.theciis.org,"18001802007,18004256626",Coaching/Training
Career Launcher,www.careerlauncher.com,8882120120,Coaching/Training
Careersuniverse,www.careersuniverse.com,18004252215,Coaching/Training
Central Board of Secondary Education (CBSE),www.cbse.nic.in,1800117002,Coaching/Training
"Central Institute of Psychiatry (CIP), Ranchi",www.cipranchi.nic.in,18003451849,Coaching/Training
Centum U,www.centumu.edu.in,18001034457,Coaching/Training
Clinical Research Education And Management Academy (CREMA),www.cremaindia.org,18002093731,Coaching/Training
CMS Computer Institute,www.cmsinstitute.co.in,1800220027,Coaching/Training
DSK Supinfocom International Campus (DSKSIC),www.dsksic.com,18002095020,Coaching/Training
Edify School,www.edifyschools.com,18002669999,Coaching/Training
Edu Plus,www.eduplus.co.in,1800444000,Coaching/Training
Eten CA,www.eten.educomp.com,180010383622,Coaching/Training
FIITJEE,www.fiitjee.com,1800114242,Coaching/Training
Focus Institute of Pharma Skills (FIPS),www.fips.net.in,18004251221,Coaching/Training
Future Education,www.feltd.in,18002092999,Coaching/Training
GCE | Gurgaon College Of Engineering,www.gcegurgaon.in,18001802123,Coaching/Training
GCEW Gurgaon | Gurgaon College of Engineering For Women,www.gcew.net,18001802325,Coaching/Training
Genesis Tally Academy,www.feltd.in,1800444888,Coaching/Training
GITM Gurgaon | Gurgaon Institute of Technology and Management,www.gitm.co.in,18001801719,Coaching/Training
Global School of Management Science,www.globalschool.co.in,1800115588,Coaching/Training
GMS,www.gms.rbs.edu.in,1800110067,Coaching/Training
GOLS Academy,www.golsacademy.com,1800225627,Coaching/Training
Haryana State Counseling Society (HSCS),www.hscs.org,18004202026,Coaching/Training
Hindustan College,www.hindustanuniv.ac.in,18004254438,Coaching/Training
HTSIGNOU,www.htsignou.com,18001801183,Coaching/Training
IACM SmartLearn,www.iacm-india.com,1800114226,Coaching/Training
IBSAT,www.ibsat.org,18001030303,Coaching/Training
ICRI - Global Research,www.icriglobal-research.com,18001030006,Coaching/Training
Igenius,www.igenius.org,"18002005577,18004252911",Coaching/Training
Impel Overseas,www.impeloverseas.com,18001022829,Coaching/Training
IndiaCan,www.indiacan.com,18001025665,Coaching/Training
Indian Institute of Job-Oriented Training (IIJT),www.iijt.net,18002666777,Coaching/Training
Indian Institute of Planning and Management (IIPM),www.iipm.edu,18001030909,Coaching/Training
Indian School of Integrated Learning (ISIL),www.isil.in,18002098283,Coaching/Training
Institute for Technology and Management (ITM),www.itm.edu,1800229727,Coaching/Training
"Institute of Finance, Banking & Insurance (IFBI)",www.ifbi.com,18001806448,Coaching/Training
International Institute of Info tech,www.iiit.ac.in,18002336372,Coaching/Training
International Institute of Information Technology (I2IT),www.isquareit.ac.in,18002334499,Coaching/Training
iSchool,www.everonnischool.com,18001021515,Coaching/Training
ITM Business School,www.itm.edu,1800229727,Coaching/Training
ITM Group of Institutions,www.itm.edu,"18002099727,18002002725",Coaching/Training
Jaipuria Institute of Management (JIML),www.jiml.ac.in,18001803444,Coaching/Training
Jawed Habib,www.jawedhabib.co.in,18001026116,Coaching/Training
Jayoti Vidyapeeth Women's University,www.jvwomensuniv.com,18002005055,Coaching/Training
Jet King,www.jetkinginfotrain.com,"18002094010,1800229727",Coaching/Training
Kuoni Academy,www.kuoniacademy.co.in,1800223344,Coaching/Training
Les Roches,www.lesroches.edu,1800222006,Coaching/Training
Livewel Academy,www.livewelacademy.com,18002090299,Coaching/Training
Lovely Professional University-LPU,www.lpu.in,"18001024416,18001027788",Coaching/Training
Ma Foi Academy,www.mafoirandstad.com,1800446800,Coaching/Training
Manav Rachna International University,www.mriu.edu.in,18001020707,Coaching/Training
Manipal University,www.manipal.edu,"18004256243,18001024431",Coaching/Training
Marshals Point,www.manipal.edu,1800334488,Coaching/Training
MIT School of Distance Education,www.mitsde.com,18002336376,Coaching/Training
Mumbai Educational Trust (MET),www.met.edu,1800220234,Coaching/Training
MVN Education,www.mvneducation.com,18001039888,Coaching/Training
N-CARE Pioneers,www.niamcare.com,18001037678,Coaching/Training
National Institute of e-Forensic (NIEF),www.nief.in,18002096789,Coaching/Training
National Institute of Open Schooling (NIOS),www.nios.ac.in,18001809393,Coaching/Training
NCERT,www.ncert.nic.in,1800111265,Coaching/Training
Netaji Subhash Institute of Management Sciences (NIMS),www.nimsindia.net,18001030055,Coaching/Training
New Delhi Institute for Information Technology (NDIIT),www.nimsindia.net,18001036661,Coaching/Training
NIIT - Information Service,www.niit.com,18001806448,Coaching/Training
Oceanic Consultants,www.oceanicconsultants.com,18001031400,Coaching/Training
Oracle University Training Centers - India,www.oracle.com,18004258877,Coaching/Training
Orient Flight School,www.orientflights.com,"18004254359,18001026448",Coaching/Training
Oxford Software Institute,www.oxfordinstitute.in,1800117799,Coaching/Training
Pearls Institute of Hospitality & Management,www.pearlsihm.com,18004192166,Coaching/Training
Raffles International School,www.rafflesis.com,1800111811,Coaching/Training
Rama Group of Institutions,www.ramagroup.in,18001805333,Coaching/Training
Ratna Sagar,www.ratnasagar.com,18001020201,Coaching/Training
Resonance,www.resonance.ac.in,18002002244,Coaching/Training
RNIS College of Clinical Research and Allied Sciences,www.rnisclinical.org,1800110878,Coaching/Training
SelaQui Education,www.selaquieducation.org,1800114441,Coaching/Training
Sha-Shib Aviation Academy,www.shashibgroup.org,18002330786,Coaching/Training
Sharda Group of Institutions (SGI),www.sgei.org,18001038001,Coaching/Training
Sharda University,www.sharda.ac.in,18001800008,Coaching/Training
Shikshapeeth,www.scmt.co.in,18001023939,Coaching/Training
Sikkim Manipal Universitys Distance Education (SMUDE),www.smude.edu.in,18002667777,Coaching/Training
Sun Microsystems India,www.sun.com,18004251234,Coaching/Training
Surya World,www.suryaworld.edu.in,"18002666000,18001026999",Coaching/Training
United World,www.unitedworld.in,18001027722,Coaching/Training
University of Atlanta,www.uofa.edu,"18002098283,18002667878",Coaching/Training
University of Petroleum & Energy Studies (UPES),www.upes.ac.in,18001028737,Coaching/Training
Vellore Institute of Technology,www.vit.ac.in,1800441555,Coaching/Training
Western International University (WIU),www.wiuindia.com,1800119484,Coaching/Training
WLC College India,www.wlccollege.org,18001024456,Coaching/Training
XLRI Jamshedpur,www.xlri.ac.in,18002009191,Coaching/Training
Zee Interactive Learning Systems (ZILS),www.zeelearn.com,18002098080,Coaching/Training
Sikkim Manipal University,www.smude.edu.in,"18002667799,18002667878,18002667979",Colleges & Universities
Airfone,www.airfone.in,1800444550,Community & Social Services
CFA Institute,www.cfainstitute.org,1098,Community & Social Services
Childline - Night & Day,www.childlineindia.org.in,1800114499,Community & Social Services
CPP India,www.cppindia.com,18004254361,Community & Social Services
Helpage India,www.helpageindia.org,18004194000,Community & Social Services
World Vision India,www.worldvision.in,18001801253,Community & Social Services
AMA Herbal,www.amaherbal.com,18001808343,Cosmetics
Avon India,www.in.avon.com,18001022866,Cosmetics
Ayurcare,www.ayurcare.co.in,180030003500,Cosmetics
Clean & Clear,www.cleanandclear.in,1800228111,Cosmetics
Femella (clothing store),www.femellafashions.com,18001022442,Cosmetics
Garnier,www.garnier.com,1800223000,Cosmetics
Hindustan Unilever Limited (HUL),www.hul.co.in,1800228080,Cosmetics
L'oreal,www.loreal.co.in,1800224247,Cosmetics
L'oreal Paris,www.lorealparisindia.com,"1800225646,1800223000",Cosmetics
Lux Body Lotion,www.unilever.com,1800228080,Cosmetics
NuZen Herbal,www.nuzen.in,18004259993,Cosmetics
Om Sai Ayurveda,www.omsaiarv.com,1800117841,Cosmetics
Parachute Advansed,www.parachuteadvansed.com,1800222248,Cosmetics
Perfume2order,www.perfume2order.com,18001023698,Cosmetics
Pond's,www.ponds.co.in,1800220140,Cosmetics
Proactiv,www.proactiv.in,18001031722,Cosmetics
Sheer Cover,www.sheercover.in,"18001020184,18001022000",Cosmetics
VLCC Institute,www.vlccinstitute.com,"18001030080,18002668522",Cosmetics
Blue Dart,www.bluedart.com,18602331234,Couriers
DHL,www.dhl.co.in,1800111345,Couriers
Fedex,www.fedex.com,180020996161,Couriers
FedEx Express,www.fedex.com/in,1800226161,Couriers
Gati - Express Delivery,www.gati.com,18001804284,Couriers
Indian Speed Post,www.indiapost.gov.in,1800119888,Couriers
Overnite Courier,www.overnitenet.com,1800110777,Couriers
TCI XPS,www.tcixps.com,18002337999,Couriers
UPS,www.ups.com,1800227171,Couriers
WorldNet Express,www.worldnetexpress.com,"18002332969,18001027171",Couriers
American Express,www.americanexpress.com,"18004191092,18004191120,18004191414,18004192122",Credit Card Providers
AMEX,www.americanexpress.com,"18001801030,1800419103",Credit Card Providers
Family Credit,www.familycreditindia.com,180030116688,Credit Card Providers
Cruise Norway,www.cruisenorway.in,18003453324,Cruises
Maersk Maersk Line shipping containers,www.maerskline.com,1800225556,Cruises
MSC Ship Management India,www.mscsmi.com,18002092555,Cruises
Silversea Cruises India,www.silverseacruises.in,18003453324,Cruises
Star Cruises,www.starcruises.co.in,1800225588,Cruises
(n)Code Solutions,www.ncodesolutions.com,18002331010,Digital Signature Certification
ADT India,www.adt.in,18001028926,Digital Signature Certification
Blue Sphere Technology Solutions,www.bluesphere.co.in,18001022110,Digital Signature Certification
Boss Linux,www.bosslinux.in,18004250455,Digital Signature Certification
Buffalo India,www.buffalo-asia.com,18004256210,Digital Signature Certification
Canvera Digital Technologies,www.canvera.com,18004257436,Digital Signature Certification
Cert-in,www.cert.org.in,1800114949,Digital Signature Certification
Citrix,www.citrix.com,18004258065,Digital Signature Certification
CMC Limited,www.cmcltd.com,"1800118787,18004252489",Digital Signature Certification
CommVault,www.commvault.in,18004252951,Digital Signature Certification
Computer Association (CA) India,www.ca.com/in,18004259393,Digital Signature Certification
Convergys,www.convergys.com,18001802000,Digital Signature Certification
Cyberoam,www.cyberoam.com,180030100013,Digital Signature Certification
Dax Networks,www.daxnetworks.com,18004255329,Digital Signature Certification
Disc Technology Services,www.discdriveindia.com,18004256669,Digital Signature Certification
EDS Technologies,www.edstechnologies.com,18004253378,Digital Signature Certification
Elitecore Technologies,www.elitecore.com,180030100013,Digital Signature Certification
F-Secure Anti-Virus,www.f-secure.com,18001025987,Digital Signature Certification
Google Local,www.google.com/local/add,18004194444,Digital Signature Certification
Google Voice Local Search,www.google.com/goog411,180041999999,Digital Signature Certification
IBM Daksh,www.daksh.com,18001024263,Digital Signature Certification
India AntiVirus,www.indiaantivirus.com,18002095550,Digital Signature Certification
Ingersoll Rand,www.ingersollrand.co.in,18002337926,Digital Signature Certification
K7 Computing,www.k7computing.in,18004190077,Digital Signature Certification
Kaspersky,www.kaspersky.com,18004250052,Digital Signature Certification
Le Repere,www.lerepere.in,18004197373,Digital Signature Certification
Linksys,www.linksys.com,18004255797,Digital Signature Certification
Microsoft Store,www.microsoft.com/india,1800114001,Digital Signature Certification
MTNL Trustline - Delhi,www.mtnltrustline.com,"1800118855,18001021100",Digital Signature Certification
MTNL Trustline - Mumbai,www.mtnltrustline.com,1800224411,Digital Signature Certification
Oracle,www.oracle.com,18004256725,Digital Signature Certification
Pel Softlabs,www.pelsoftlabs.in,18001022900,Digital Signature Certification
Progressive Infotech,www.progressive.in,18001027777,Digital Signature Certification
Public Soft Corporation,www.public-soft.net,18001034009,Digital Signature Certification
Quick Heal,www.quickheal.co.in,18002333733,Digital Signature Certification
RKTS Technologies,www.rktstechnologies.com,18001021120,Digital Signature Certification
Safe Scrypt,www.safescrypt.com,18003453330,Digital Signature Certification
SAP,www.sap.com,18004255959,Digital Signature Certification
Sinewave Computer Services,www.sinewave.co.in,18002331616,Digital Signature Certification
SkyMax,www.skymax.co.in,18003453730,Digital Signature Certification
Stellar Information Systems,www.stellarinfo.co.in,18001023232,Digital Signature Certification
Suresoft Technologies,www.ssofts.com,18001027727,Digital Signature Certification
Sybase India,www.sybase.in,1800225057,Digital Signature Certification
TACO MobiApps Telematics Limited (TMT),www.tacogroup.com,18002333311,Digital Signature Certification
Texas Instruments (TI),www.ti.com,18004257888,Digital Signature Certification
Yahoo Small Business,http://in.business.yahoo.com,18002660010,Digital Signature Certification
Zicom Security Systems,www.zicom.com,1800224567,Digital Signature Certification
Airtel DTH,www.airtel.in,"1800102808,18001028080",Direct to Home (DTH) Services
Videocon DTH,www.videocond2h.com,"18001806000,18608810111",Direct to Home (DTH) Services
Kone,www.kone.com,1800444666,Elevator Installation & Maintenance
5 Paisa,www.5paisa.com,"1800226555,18002664555",Finance & Taxations
Aditya Birla Money (Gujarat),www.adityabirlamoney.com,180030029999,Finance & Taxations
Apna Loan,www.apnaloan.com,18002002090,Finance & Taxations
Bajaj Capital,www.bajajcapital.com,1800110300,Finance & Taxations
Bajaj Finance (Ahmedabad),www.bajajgroup.org,18002094151,Finance & Taxations
BSE - VSAT Customers,www.bseindia.com,1800226661,Finance & Taxations
Celebrate Life,www.celebratelife.co.in,18001022220,Finance & Taxations
Citifinancial (Delhi),www.citifinancial.co.in,1800119949,Finance & Taxations
Coimbatore Capital,www.coimbatorecapital.com,"18004250506,180030006000",Finance & Taxations
Credila Financial Services,www.credila.com,18002093636,Finance & Taxations
Datamatics Finanacial Services,www.dfssl.com,1800228666,Finance & Taxations
DBS Cholamandalam Asset Management,www.cholamandalam.com,18002097575,Finance & Taxations
Deutsche Postbank Home Finance Limited,www.deutschepostbank.co.in,18001034446,Finance & Taxations
DHBVN,www.dhbvn.com,18001801615,Finance & Taxations
DHFL - Dewan Housing Finance Corporation Limited,www.dhfl.com,1800223435,Finance & Taxations
Firstblue Home Finance,www.firstblue.co.in,18001034446,Finance & Taxations
Franklin Templeton Investments,www.franklintempletonindia.com,18004254255,Finance & Taxations
Geojit Financial Services,www.geojitbnpparibas.com,18004255501,Finance & Taxations
GIC Housing Finance Ltd.,www.gichfindia.com,18001030000,Finance & Taxations
HDFC Securities Limited,www.hdfcsec.com,1800229700,Finance & Taxations
India Infoline,www.indiainfoline.com,18002002267,Finance & Taxations
iTrust,www.itrust.in,18001807424,Finance & Taxations
JP Morgan Asset Management,www.jpmorganmf.com,1800225763,Finance & Taxations
Karvy,www.karvy.com,18004258282,Finance & Taxations
L & T Infra,www.ltinfrabond.com,18001022131,Finance & Taxations
LIC,www.lichousing.com,1800440005,Finance & Taxations
Muthoot,www.muthoot.com,"18001021616,1800229600",Finance & Taxations
Reliance Capital,www.reliancecapital.co.in,18002003838,Finance & Taxations
Religare - Fund Adviser,www.religare.in,1800114488,Finance & Taxations
Remit2india.com,www.remit2india.com,1800223123,Finance & Taxations
Shriram Unnati,www.stfc.in,18002000011,Finance & Taxations
Srei Sahaj,www.sahajcorporate.com,18004190250,Finance & Taxations
Sundaram BNP Paribas,www.sundarambnpparibas.in,18004251000,Finance & Taxations
Tata Motors Finance,www.tatamotorfinance.com,18002096060,Finance & Taxations
Wall Street Finance Ltd,www.wallstreetfinanceltd.com,1800225040,Finance & Taxations
Bharat Gas,www.ebharatgas.com,1800 222 725,Gas Agencies
Hindustan Petroleum Gas(HP),www.hindustanpetroleum.com,1800-2333-777,Gas Agencies
MahanagarGas,www.mahanagargas.com,1800229944,Gas Agencies
Indane Gas,www.indane.co.in,1800-233-3555,Gas Agencies
Bharat Petroleum (BP),www.bharatpetroleum.com,1800224344,Gas Stations
Hindustan Petroleum (HP),www.hindustanpetroleum.com,18002333777,Gas Stations
Indane,www.indane.com,1800445115,Gas Stations
Indian Oil,www.iocl.com,18002333555,Gas Stations
Indraprastha Gas Limited (IGL),www.iglonline.net,1800112535,Gas Stations
Oilco Services,www.oilco-services.com,1800112777,Gas Stations
Aadhar Card India,www.uidai.gov.in,18003001947,Government
ACES - Automation of Central Excise and Serice Tax,www.aces.gov.in,18004254251,Government
Advertising Standards Council of India (ASCI),www.ascionline.org,1800222724,Government
Alliance Against Copyright Theft (AACT),www.aact.in,18001031919,Government
Anti Corruption Bureau(ACB),www.acbmaharashtra.org,1800222021,Government
Anti-Ragging,www.edcil.co.in,18001805522,Government
Census Of India,www.censusindia.gov.in,"18003450111,18002095040",Government
Core Centre,www.ccccore.co.in,18001804566,Government
Crime Stoppers,www.crimestoppersindia.org,18004255333,Government
Delhi Commission for Women (DCW),www.delhi.gov.in,1800119292,Government
Delhi Police Recruitment,www.delhipolicerecruitment.in,18001020898,Government
Delhi VAT Helpline,www.dvat.gov.in,1800110066,Government
"Department of Power, Govt. of NCT of Delhi",www.bijlipgr.gov.in,1800112222,Government
ECHS,www.echs.gov.in,18001038666,Government
Ex-serviceMen,www.echs.gov.in,18001038666,Government
Export Credit Guarantee Corporation (ECGC),www.ecgc.in,1800224500,Government
FilmPiracy.com,www.filmpiracy.com,1800112277,Government
H1N1 Flu (Swine Flu),www.mohfw-h1n1.nic.in,1800114377,Government
Himachal Pradesh State Electricity Board Ltd.,www.hpseb.com,18001808060,Government
IMD - Weather on Web,www.imd.gov.in,18001801717,Government
Income Tax Department,www.incometaxindiaefiling.gov.in,18004252229,Government
"Indian Passport, Ministry of External Affairs",www.passport.gov.in,18002581800,Government
Insurance Regulatory and Development Authority (IRDA),www.irda.gov.in,18004254372,Government
Jan Aushadhi,www.janaushadhi.gov.in,18001808080,Government
Jansankhya Sthirata Kosh (JSK),www.jsk.gov.in,18001116555,Government
Jeevan Centres,www.jeevandelhi.gov.in,18002002039,Government
Keltron,www.keltron.in,18004259696,Government
Kerala Taxes,www.keralataxes.org,18004254777,Government
Kisan Call Centre,www.agricoop.nic.in,18001801551,Government
LIC (Kolkata),www.licindia.com,180022407,Government
Ministry of Overseas Indian Affairs,www.moia.gov.in,1800113090,Government
MSME Udyami Helpline,www.msme.gov.in,18001806763,Government
Municipal Corporation of Ghaziabad,www.ghaziabad.nic.in,18001803012,Government
National Consumer Helpline/ Jago Grahak Jago,www.consumerhelpline.in,1800114000,Government
National Innovation Foundation (NIF),www.nif.org.in,18002335555,Government
National Insurance (Patna ),www.nationalinsuranceindia.com,18001201430,Government
National Rural Employment Guarantee Act (NREGA),www.nrega.nic.in,1800110707,Government
National Small Industries Corporation Limited (NSIC),www.nsic.co.in,1800111995,Government
"Online Grievance Information System (OGIS), Haryana",http://web1.hry.nic.in,18001802200,Government
Pan Card,www.utitsl.co.in,18001801961,Government
PF office (Mumbai),www.epfindia.gov.in,1800118005,Government
Registrar General and Census Commissioner India,www.censusindia.gov.in,1800110111,Government
State Tobacco Control Cell (Delhi),www.rctfi.org/goi_initiatives6.htm,1800110456,Government
Tax Return Prepares (TRPS),www.incometaxindiapr.gov.in,"18001023738,1800113738",Government
Telecom Monitoring Cell,www.nif.org.in,1800110420,Government
TIN Verification,www.nrega.nic.in,1800220017,Government
Uttar Pradesh Power Corporation Limited,www.nsic.co.in,18001808752,Government
Voter Helpline - Haryana,http://web1.hry.nic.in,18001802047,Government
West Bengal Pollution Control Board (WBPCB),www.censusindia.gov.in,18003453390,Government
Yuva Counselling Helpline,http://edudel.nic.in,1800116888,Government
A.O. Smith Water Heater,www.aosmith.com,18001032468,Home Electronics/Appliances
AB Diachem Systems,www.dot.gov.in,1800110050,Home Electronics/Appliances
Agilent and Academia,www.chem.agilent.com,1800112626,Home Electronics/Appliances
Aiwa,www.in.aiwa.com,1800111188,Home Electronics/Appliances
AMD,www.amd.com,18004256664,Home Electronics/Appliances
Anchor Switches,www.anchor-world.com,1800227979,Home Electronics/Appliances
Anupam,www.anupamsinks.com,1800110123,Home Electronics/Appliances
Attero Recycling,www.attero.in,18004193283,Home Electronics/Appliances
Bajaj,www.bajajelectricals.com,1800233453,Home Electronics/Appliances
Bajaj Appliances (Mumbai),www.bajajelectricals.com,"1800222252,18601806722",Home Electronics/Appliances
Belkin,www.belkin.com,18004190515,Home Electronics/Appliances
Belkin India,www.belkin.com/in,18004195546,Home Electronics/Appliances
Benq,www.benq.co.in,18004199979,Home Electronics/Appliances
Bharat Electronics,www.bel-india.com,18001801122,Home Electronics/Appliances
Bionaire,www.ceoharyana.nic.in,18001026300,Home Electronics/Appliances
Birla White - Wall Care White Putty,www.wbpcb.gov.in,1800111717,Home Electronics/Appliances
Blue Star,www.bluestarindia.com,1800222200,Home Electronics/Appliances
Bose Audio,www.boseindia.com,1800112673,Home Electronics/Appliances
Bose Store,www.boseindia.com,1800112673,Home Electronics/Appliances
Bru Coffee Vending Machines,www.aiwa.com,1800447171,Home Electronics/Appliances
Canon,www.canon.co.in,18001803366,Home Electronics/Appliances
Carrier,www.carrierindia.com,180030111111,Home Electronics/Appliances
Cata Appliances,www.anupamsinks.com,18001029600,Home Electronics/Appliances
Cellucom,www.cellucom.in,18001807742,Home Electronics/Appliances
Cera,www.aosmith.com,18002001801,Home Electronics/Appliances
ChipSilicon.com,http://shop.chipsilicon.com,18002092131,Home Electronics/Appliances
Colston De Banos,www.colstondebanos.com,1800110789,Home Electronics/Appliances
Connect Gaia,www.connectgaia.com,18001804242,Home Electronics/Appliances
Corelle Light,www.worldkitchenasia.com,18002097309,Home Electronics/Appliances
Crabtree,www.crabtreeindia.com,1800110303,Home Electronics/Appliances
CRI Pumps,www.cripumps.in,18002001234,Home Electronics/Appliances
Crompton Greaves,www.cgglobal.com,18004190505,Home Electronics/Appliances
Daikin,www.daikinindia.com,18001029300,Home Electronics/Appliances
Dish TV,www.dishtv.in,"1860-258-3474,1860-120-3474",Home Electronics/Appliances
Element14,www.element14.com,180030003888,Home Electronics/Appliances
Elica,www.elica.in,18002330007,Home Electronics/Appliances
Epson,www.epson.co.in,18004250011,Home Electronics/Appliances
Ezone,www.ezoneonline.in,18002099495,Home Electronics/Appliances
Faber,www.faberheatkraft.org,18002093484,Home Electronics/Appliances
Faber Chimneys,www.cataindia.com,1800224595,Home Electronics/Appliances
Fedders Lloyd,www.fedderslloydcorp.com,18001020666,Home Electronics/Appliances
Fuji,www.fujifilm.in,"18001033854,18002000608",Home Electronics/Appliances
GenPure,www.genpurero.in,1800112581,Home Electronics/Appliances
Godrej,www.godrejappliances.com,1800225511,Home Electronics/Appliances
Godrej Appliances,www.godrejappliances.com,1800225511,Home Electronics/Appliances
Godrej Interio,www.godrejinterio.com,18002095511,Home Electronics/Appliances
Godrej Locks,www.godrejlocks.com,18002095511,Home Electronics/Appliances
Godrej Smart Care,www.godrejsmartcare.com,1800225511,Home Electronics/Appliances
Grohe,www.grohe.co.in,18001024475,Home Electronics/Appliances
Grundfos,www.grundfos.in,18003454555,Home Electronics/Appliances
Grundfos Pumps,www.grundfos.in,1800334555,Home Electronics/Appliances
Gunnebo India,www.gunnebo.com/in,"1800223525,1800229300",Home Electronics/Appliances
Haier,www.haier.com,"18001029999,18002009999",Home Electronics/Appliances
Havells,www.havells.com,18001031313,Home Electronics/Appliances
Hettich India,www.hettichind.com,18002092096,Home Electronics/Appliances
Hi-Tech,www.roindia.com,18002331365,Home Electronics/Appliances
Hitachi,www.hitachi-hli.com,18002008585,Home Electronics/Appliances
IFB India,www.ifbappliances.com,18604255678,Home Electronics/Appliances
Jade International,www.jadeconsumer.com,1800225233,Home Electronics/Appliances
Kajaria Vitro,www.kajariavitro.com,1800112992,Home Electronics/Appliances
Kawachi,www.kawachigroup.com,1800220000,Home Electronics/Appliances
Kelvinator,www.kelvinator.com,18005997569,Home Electronics/Appliances
Kenstar,www.kent.co.in,18004194039,Home Electronics/Appliances
Kent Water Purifier,www.kent.co.in,18001001000,Home Electronics/Appliances
Kirloskar,www.kirloskarpumps.com,18001034443,Home Electronics/Appliances
Kohinoor Business School ( Mumbai ),www.kbs.ac.in,18002667700,Home Electronics/Appliances
Kohler,www.kohler.co.in,18001032244,Home Electronics/Appliances
Koryo,www.koryoworld.com,"18004257722,18002095511",Home Electronics/Appliances
Lauret,www.lauret.in,1800115500,Home Electronics/Appliances
Lazer,www.lazerindia.com,1800114074,Home Electronics/Appliances
Lenovo,www.lenovo.com,"180030009990,18004259003,18601803425",Home Electronics/Appliances
Letsbuy (Gurgaon ),www.letsbuy.com,18001023547,Home Electronics/Appliances
LG - Life's Good,www.lgindia.com,"18001809999,18001031313",Home Electronics/Appliances
Marathon Electric,www.marathonelectric.com,18004191500,Home Electronics/Appliances
Milton | Hamilton Housewares,www.milton.in,18002092151,Home Electronics/Appliances
Mitsubishi,www.mhiindia.com,18001022955,Home Electronics/Appliances
Mitzvah Engg. Inc,www.mitzvahengg.com,18001801120,Home Electronics/Appliances
Morphy Richards,www.morphyrichardsindia.com,1800226722,Home Electronics/Appliances
Nasaka Aqua,www.nasakadirect.com,1800112323,Home Electronics/Appliances
Nikon,www.nikon.co.in,18001027346,Home Electronics/Appliances
One For All,www.oneforall.co.in,18001023299,Home Electronics/Appliances
Oster,www.oster.in,18001026300,Home Electronics/Appliances
Oyster,www.oysterbath.com,18001028999,Home Electronics/Appliances
Panasonic India,www.panasonic.co.in,18001031333,Home Electronics/Appliances
Parryware,www.parryware.in,18604255999,Home Electronics/Appliances
Philiphus,www.philips.com,1800224422,Home Electronics/Appliances
Philips (Baroda),www.philips.com,1860 180 1111,Home Electronics/Appliances
Phoenix ARC Mumbai,www.phoenixarc.co.in,18001208060,Home Electronics/Appliances
PorticoIndia,www.porticoindia.com,1800222289,Home Electronics/Appliances
Qmax Test,www.qmaxtest.com,18004259627,Home Electronics/Appliances
Rishabh Instruments,www.rishabh.co.in,18002334040,Home Electronics/Appliances
Sandisk,www.sandisk.in,18001022055,Home Electronics/Appliances
Sansui,www.sansui-india.com,18004194040,Home Electronics/Appliances
Sanyo,www.sanyoindia.com,1800110101,Home Electronics/Appliances
Schneider Electric India (SEI),www.schneider-electric.co.in,"18001030011,18001801707",Home Electronics/Appliances
Servomax India Limited,www.servomax.net,"18004253927,18601801111",Home Electronics/Appliances
Shaadi.Com,www.shaadi.com,18605003456,Home Electronics/Appliances
Sharp,www.sbsil.com,18004254321,Home Electronics/Appliances
Siemens Washing Machine,www.siemens-home.com,18002091850,Home Electronics/Appliances
Singer,www.singerindia.net,1800113474,Home Electronics/Appliances
Sony,www.sony.co.in,18001037799,Home Electronics/Appliances
Sony Ericsson,www.sonyericsson.com,180030002800,Home Electronics/Appliances
Sun Direct (Andhra Pradesh),www.sundirect.in,18002007575,Home Electronics/Appliances
TREO,www.milton.in,18002092151,Home Electronics/Appliances
TVS Electronics,www.tvs-e.com,"18002005123,18002664040",Home Electronics/Appliances
Usha Lexus,www.ushafurniture.com,1800110990,Home Electronics/Appliances
V Guard Industries Ltd.,www.vguard.in,180030001800,Home Electronics/Appliances
Videocon,www.videoconworld.com,18002000111,Home Electronics/Appliances
Videocon D2H (Andhra Pradesh),www.videocond2h.com,18001370111,Home Electronics/Appliances
Videocon Washing Machine (Jaipur),www.videoconworld.com,18008814040,Home Electronics/Appliances
Viewsonic,in.viewsonic.com,18002660101,Home Electronics/Appliances
ViewSonic India,www.ap.viewsonic.com/in,1800119999,Home Electronics/Appliances
Vizor Electronics,www.vizor.in,1800119009,Home Electronics/Appliances
Voltas,www.voltas.com,18004254555,Home Electronics/Appliances
WBSEDCL - West Bengal State Electricity Distribution Company Limited,www.wbsedcl.in,18003453000,Home Electronics/Appliances
WBSETCL - West Bengal State Electricity Transmission Company Limited,www.wbsetcl.in,18003453000,Home Electronics/Appliances
Western Digital,www.westerndigital.com,1800119393,Home Electronics/Appliances
Whirlpool,www.whirlpoolindia.com,18601804558,Home Electronics/Appliances
World Space Satellite Radio,www.worldspaceasia.com,18004255432,Home Electronics/Appliances
Zero B,www.zerobonline.com,180030181818,Home Electronics/Appliances
ZTE,www.ztedevice.in,18001031900,Home Electronics/Appliances
ACCU CHEK (Mumbai),www.accu-chek.in,1800226020,Home Health Care
Acuvue,www.acuvue.co.in,1800225990,Home Health Care
Aeron Religare,www.aegonreligare.com,18001026777,Home Health Care
Apollo Hospital Delhi,www.apollohospdelhi.com,1800111612,Home Health Care
Baxter India,www.baxter.in,18001021110,Home Health Care
Best on Health,www.bestonhealth.com,1800118899,Home Health Care
Botox,www.botoxcosmetic.co.in,18002666768,Home Health Care
BOTOX Advisory Services,www.botox.co.in,18004259779,Home Health Care
Canada Pharmacy,www.canadadrugs.com,18002263784,Home Health Care
Canova Homeopathic,www.canovaindia.com,18002334554,Home Health Care
Charak,www.charak.com,1800229487,Home Health Care
Chayagraphics (India),www.chayagraphics.com,18004252477,Home Health Care
Cravatex,www.cravatex.com,1800227475,Home Health Care
Cryobanks International - India,www.cryobanksindia.com,18001022796,Home Health Care
CyberKnife,www.cyberknifeindia.com,"18001026626,18004256626,1800116626",Home Health Care
Dengue Diagnosis - J. Mitra & Co,www.jmitra.co.in,18001030880,Home Health Care
Dettol,www.dettol.co.in,18001031818,Home Health Care
Dr. Batra's Super Speciality Homeopathy,www.drbatras.com,"18002096767,1800226767",Home Health Care
EM SOS Medical,www.emsos.in,1800118999,Home Health Care
Essilor India,www.essilorindia.com,18004258383,Home Health Care
Febreze,www.febreze.com,18008798433,Home Health Care
Fortis Healthcare,www.fortishealthcare.com,1800117000,Home Health Care
GKB Opticals,www.gkboptical.com,18004191990,Home Health Care
GlaxoSmithKline,www.gsk-india.com,1800228797,Home Health Care
Guard Yourself,www.guardyourself.co.in,18001021002,Home Health Care
HCG Oncology,www.hcgoncology.com,"18004256626,18001026626,1800116626",Home Health Care
Health Chek Diagnostics,www.healthchek.in,1800111213,Home Health Care
Hearing Care India,www.hearingcare.co.in,18001033800,Home Health Care
Heritage Health Services,www.coris-heritage.com,1800224004,Home Health Care
Hindware,www.hindwarehomes.com,18002007577,Home Health Care
i-pill,www.ipillcipla.com,1800229898,Home Health Care
Joggers Park,www.joggerspark.co.in,1800116844,Home Health Care
Johnson & Johnson,www.jnjindia.com,1800228111,Home Health Care
Kaya Skin Clinic,www.kayaclinic.com,1800225292,Home Health Care
Life Cell,www.lifecellindia.com,18004255323,Home Health Care
Mankind Pharma,www.mankindpharma.com,18001034400,Home Health Care
Manmar Technologies,,1800334420,Home Health Care
Mccain Foods,www.mccainindia.com,1800117181,Home Health Care
MDIndia Healthcare Services,www.mdindiaonline.com,"18002331166,18002334505,18602334449",Home Health Care
Medicare TPA Services,www.medicaretpa.com,"18003453339,1800333339",Home Health Care
Medybiz,www.medybiz.com,18002000999,Home Health Care
Morning Walker,www.morningwalker.com,18003456999,Home Health Care
Nobel Biocare India,www.nobelbiocare.com,"1800229998,18002091424",Home Health Care
Nutri Health Systems,www.nutrihealthsystems.com,18001036663,Home Health Care
Omnilife India,www.omnilife.com,8002006664,Home Health Care
Oral-B,www.oralb.com,18002009944,Home Health Care
Otrivin,www.otrivin.ca,18002093331,Home Health Care
Pfizer,www.pfizer.com,1800442442,Home Health Care
Portronics,www.portronics.com,18001034241,Home Health Care
Power House Sports,www.powerhousesportsinternational.com,1800116666,Home Health Care
Prabhas V Care,,18004250113,Home Health Care
Quest Diagnostics,www.Quest4Health.com,"18001808378,18001028378",Home Health Care
Ranbaxy,www.ranbaxy.com,1800115353,Home Health Care
Revital Woman,www.woman.myrevital.com,18001025353,Home Health Care
Roche Accu-Chek,www.accu-chek.in,1800114546,Home Health Care
Rudraksha,www.rudraksha.co.in,1800214708,Home Health Care
Sareen Hair Clinic,www.sareenhairclinic.com,18002002221,Home Health Care
SMH Curie,www.smhcurie.com,"1800116626,18001026626",Home Health Care
SRL Diagnostics,www.srl.in,18001028282,Home Health Care
Star Health & Allied Insurance,www.starhealth.in,18004252255,Home Health Care
Stemade,www.stemade.com,18001027836,Home Health Care
Thyrocare,www.thyrocare.com,1800220030,Home Health Care
United Healthcare (Hyderabad),www.uhcindia.com,1800224646,Home Health Care
Varilux Lenses,www.essilorindia.com,18004258383,Home Health Care
Vipul Medcorp,www.vipulmedcorp.com,"18001801166,18001801177",Home Health Care
VLCC,www.vlcc.co.in,18001801262,Home Health Care
Volini,www.volini.com,1800115353,Home Health Care
Wyeth,www.wyeth.com,1800225051,Home Health Care
Aloft Hotels India,www.starwoodhotels.com/alofthotels,18001025638,Hotels
Best Western,www.bestwestern.com,1800112378,Hotels
Cambay,www.thecambay.com,18002335566,Hotels
Choice Hotels India,www.porticoindia.com,"1800117117,18002091010",Hotels
Country Inn & Suites,www.countryinns.com,18001800456,Hotels
Fairdeal Hotels,www.fairdealhotels.com,1800221123,Hotels
Fortune Park Hotels,www.fortuneparkhotels.com,1800111333,Hotels
Ginger Hotels,www.gingerhotels.com,1800220022,Hotels
Godwin Hotel,www.godwinhotels.in,18001803077,Hotels
Green Park,www.hotelgreenpark.com,18003454050,Hotels
GRT Hotels & Resorts,www.grthotels.com,18004255500,Hotels
Himachalhotels,www.himachalhotels.in,18001808077,Hotels
Holiday Inn,www.holidayinn.com,"1800111000,18002336655",Hotels
Hotel Orchid,www.orchidhotel.com,1800225432,Hotels
Hotels.com,www.hotels.com,18001021122,Hotels
HRH Group of Hotels,www.hrhhotels.com,18001802933,Hotels
Hyatt Hotel,www.hyatt.com,"1800228001,18001032333",Hotels
InterContinental Hotels Group,www.ichotelsgroup.com,1800111000,Hotels
Ista Hotels,www.istahotels.com,18001024782,Hotels
ITC Welcome Group,www.itcwelcomgroup.in,1800111333,Hotels
Jaypee Hotels,www.jaypeehotels.com,1800119900,Hotels
Marriott,www.marriott.com,1800220044,Hotels
Oberoi Hotels & Resorts,www.oberoihotels.com,1800112030,Hotels
Orchid Hotel,www.orchidhotel.com,"1800225432,18004194400",Hotels
Pride Hotel,www.pridehotel.com,18002091400,Hotels
Radisson,www.radisson.com/india,"18001800333,18001802944",Hotels
Sarovar Hotels,www.sarovarhotels.com,1800111222,Hotels
Taj Hotels,www.tajhotels.com,1800111825,Hotels
The Country Club,www.countryclubindia.net,18001022245,Hotels
The Grand Bhagwati,www.thegrandbhagwati.com,"18002337978,18001022333",Hotels
The Lalit,www.thelalit.com,1800117711,Hotels
"The Leela, Goa",www.theleela.com,18004253344,Hotels
"The Metropolitan Hotel Nikko, New Delhi",www.hotelnikkodelhi.com,1800112001,Hotels
Trident Hilton Hotels,www.tridenthotels.com,1800112122,Hotels
VCI Hotels,www.vcihotels.com,18001024344,Hotels
Vivanta By Taj,www.vivantabytaj.com,1800111825,Hotels
Immigration Services Pvt. Ltd.,www.duncanlewis.co.uk,1800110663,Immigration Consultants
Regus,www.regus.co.in,"18002094949,18001022582",Immigration Consultants
Tata Consultancy Services,www.tcs-ca.tcs.co.in,18004252922,Immigration Consultants
TeamLease Services,www.teamlease.com,1160012345,Immigration Consultants
Worldwide Immigration and Consultancy Service,www.wwicsgroup.com,18001802005,Immigration Consultants
Aditya Birla Sun Life,www.adityabirlacapital.com,18002707000,Insurance
Aegon Religare,www.aegonreligare.com,18002099090,Insurance
AMP Sanmar,www.sanmargroup.com,1800442200,Insurance
Amsure (Noida),www.amsure.in,18001801288,Insurance
Apollo Munich Health Insurance,www.apollomunichinsurance.com,18001030555,Insurance
Aviva,www.avivaindia.com,18001802244,Insurance
Bajaj Allianz,www.bajajallianzlife.co.in,18002337272,Insurance
Berkshire Insurance,www.berkshireinsurance.com,18001800800,Insurance
Bharti AXA General Insurance,www.bharti-axagi.co.in,18001032292,Insurance
Bharti AXA Life Insurance,www.bharti-axalife.com,18001024444,Insurance
Chola MS General Insurance,www.dlfpramericalife.com,1800445544,Insurance
DLF Pramerica Life Insurance (DPLI),www.dlfpramericalife.com,18001027070,Insurance
Employees' State Insurance Corporation,www.esic.nic.in,1800112526,Insurance
Family Health Plan Limited,www.fhpl.net,"18004254033,18001020333",Insurance
Future Generali,www.futuregenerali.in,1800220233,Insurance
HDFC Chubb General Insurance Co. Ltd.,www.hdfcchubb.com,"1800226226,1800225858",Insurance
HDFC ERGO General Insurance,www.hdfcergo.com,18002700700,Insurance
HDFC Standard Life,www.hdfclife.com,18602679999,Insurance
HDFC Standard Life Insurance,www.hdfcinsurance.com,1800227227,Insurance
ICICI Lombard,www.icicilombard.com,18004257878,Insurance
ICICI Prudential,www.iciciprulife.com,"1800222020,18002707000",Insurance
ICICI Prudential Life Insurance,www.iciciprulife.com,18602667766,Insurance
IDBI Fortis,www.idbifortis.com,18001025005,Insurance
IFFCO-TOKIO General Insurance,www.iffcotokio.co.in,18003453303,Insurance
IndiaFirst Life,www.indiafirstlife.com,18002097800,Insurance
ING Vysya Life Insurance,www.inglife.co.in,18004255433,Insurance
Kotak Life Insurance,www.kotaklifeinsurance.com,1800228081,Insurance
Life Insurance Corporation (LIC),www.licindia.com,1800224077,Insurance
Max Bupa,www.maxbupa.com,"180030103333,1800226226",Insurance
Max New York Life,www.maxnewyorklife.com,18001805577,Insurance
Max Vijay,www.maxvijay.com,"18004194194,18002098888",Insurance
Med Save Health Care,www.medsaveindia.com,1800111142,Insurance
Medicare TPA Services,www.medicaretpa.com,"1800333339,1800221120",Insurance
Metlife,www.metlifeindia.com,"18004256969,18001035499",Insurance
Oriental Insurance,www.orientalinsurance.org.in,"18004252002,18002098700",Insurance
Paramount Health Group,www.phmhealth.com,1800226655,Insurance
Peerless,www.peerless.co.in,"18003451932,18002098800",Insurance
Reliance Insurance,www.reliancegeneral.co.in,18003009,Insurance
Reliance Life Insurance,www.reliancelife.com,180030008181,Insurance
Royal Sundaram,www.royalsundaram.in,"18003458899,1800334433",Insurance
Royal Sundaram Insurance,www.royalsundaram.in,18604250000,Insurance
Sahara Life,www.saharalife.com,"18001809000,18002005577",Insurance
SBI Life Insurance,www.sbilife.co.in,1800229090,Insurance
SBI Life Mypolicy,http://mypolicy.sbilife.co.in,1800222123,Insurance
Tata Aig General Insurance,www.tataaiginsurance.in,18002667780,Insurance
Tata Life,www.tata-aig-life.com,1800119966,Insurance
The New India Assurance,www.newindia.co.in,"18002091415,18001026425",Insurance
TimesofMoney,www.timesofmoney.com,1800223535,Insurance
Tomtom,www.tomtom.com,18001234123,Insurance
Universal Sompo General Insurance Co. Ltd.,www.universalsompo.com,1800224030,Insurance
Airtel Broadband,www.airtel.in/experience,18001030121,Internet Service Providers
BSNL Broadband,www.bsnl.in,18004241600,Internet Service Providers
BSNL Internet (Delhi),www.bsnl.co.in,,Internet Service Providers
Data One Broadband,Â www.dataone.in,18004241800,Internet Service Providers
Hathway,www.hathway.com,1800221119,Internet Service Providers
Kyocera Wireless Broadband,Â www.kyocera-wireless.com,1800121214,Internet Service Providers
MTNL (Kolkata ),www.mtnl.net.in,"1800111503,1800221500",Internet Service Providers
MTS Mblaze,www.mtsindia.in,"18002000100,18002081955",Internet Service Providers
Netgear Technologies,www.netgear.co.in,"18004254327,18004199010",Internet Service Providers
Ortel Communications,www.ortelcom.com,18004196060,Internet Service Providers
Reliance Broadband,www.rcom.co.in,180030007773,Internet Service Providers
Reliance Internet Data Center,www.relianceidc.com,180030071444,Internet Service Providers
SIFY - Broadband,www.sifybroadband.com,18003453330,Internet Service Providers
Tata Indicom Broadband 2.0,www.tataindicombroadband.in,18002097070,Internet Service Providers
Tata Photon,www.tatadocomo.com,"1800266121,18002661515,18602665555",Internet Service Providers
Tikona Digital Networks,www.tikona.in,"18002090044,18001024030",Internet Service Providers
Trump (Delhi ),www.mtnl.net.in,1800111503,Internet Service Providers
Zyxel India,www.zyxel.in,18001029995,Internet Service Providers
Alankit (Delhi),www.alankit.com,1800113300,Investment Consultants
Ace,www.acejewels.com,1800222231,Jewellery Shops
Agni Jewels,www.agnijewels.com,1800221824,Jewellery Shops
Amaris Regalia,www.amarisregalia.com,1800119989,Jewellery Shops
Asmi Diamonds,www.asmidiamonds.in,18001024482,Jewellery Shops
CaratLane,www.caratlane.com,18001020103,Jewellery Shops
D'damas,www.ddamas.co.in,1800225455,Jewellery Shops
Lamha,www.lamha.in,18001031515,Jewellery Shops
Leading Jewellers Of the World,www.ljotwindia.com,18001024480,Jewellery Shops
Navratan,www.navratan.com,18001806021,Jewellery Shops
Samriddhi,www.samridhiggl.com,"18001024480,18002094276",Jewellery Shops
SinGem,www.sindhar.com,180030104050,Jewellery Shops
Tanishq,www.tanishq.co.in,18004254653,Jewellery Shops
American Express,http://home.americanexpress.com,1800222639,Loans
Barclay Card,www.barclaycard.in,"18002337878,18002092397",Loans
BHW Birla Home Finance Ltd.,www.deutschepostbank.co.in,1800114222,Loans
Bobcards,www.bobcards.com,1800225110,Loans
Citi financial,www.citifinancial.co.in,1800229050,Loans
Fullerton,www.fullertonindia.com,18001036001,Loans
GE Money,www.gehomefinance.com,18001801275,Loans
HDFC Home Loan,www.hdfcbank.com,18604204222,Loans
ICICI Credit Cards,www.icicibank.com,1800112222,Loans
India Bulls Home Loan,www.indiabulls.com,18002007777,Loans
Kotack Credit Cards,www.kotakcards.com,1800116022,Loans
LIC Housing Finance,www.lichousing.com,1800440005,Loans
Tata Capital,www.tatacapital.com,18002096060,Loans
DRS Transport,www.drstrans.com,1800114321,Logistics
eLogistics,www.elogistics.co.in,18004251425,Logistics
EXL,www.exlindia.com,18001800777,Logistics
Gati Air Express,www.gati.com,18001804284,Logistics
Kingfisher Xpress,www.kingfisherxpress.com,18002091222,Logistics
Safe Express,www.safexpress.com,1800113113,Logistics
TCI Xps,www.tcixps.com,18002000977,Logistics
TNT Express- Logistic Services,www.tnt.com,18004259999,Logistics
Vijay Logistics,www.vijaylogistics.com,18002090063,Logistics
XPS,www.xpsworld.com,18001800977,Logistics
Christian Matrimony,www.christianmatrimony.com,180030002222,Matrimonial Services
Jatav Matrimony,www.jatavmatrimony.com,180030002222,Matrimonial Services
Jindal Escapades,,18001801151,Matrimonial Services
Kurlon,www.kurlon.com,1800440404,Matrimonial Services
Privilege Matrimony,www.privilegematrimony.com,180030003456,Matrimonial Services
Shaadi.com,www.shaadi.com,1800222277,Matrimonial Services
ShagunBell.com,www.shagunbell.com,"18004353224,18002093030",Matrimonial Services
Sleepwell,www.sleepwellproducts.com,1800112266,Matrimonial Services
Spaces Home & Beyond,www.spaces.webhelp.co.in,18002582525,Matrimonial Services
Springwel,www.springwel.com,1800115566,Matrimonial Services
Aavin,www.aavinmilk.com,1800443300,Milk & Dairy Products
Amul Milk (Gujarat),www.amul.com,18002583333,Milk & Dairy Products
Mother Dairy,www.motherdairy.com,18001801018,Milk & Dairy Products
Aircel,http://www.aircel.com,57777,Mobile Connection Providers
Airtel,http://www.airtel.in/,"121,18001034444",Mobile Connection Providers
BSNL,http://www.bsnl.co.in/,1500,Mobile Connection Providers
Docomo,www.tatadocomo.com,"180042012777,18004208282",Mobile Connection Providers
Idea cellular,http://www.ideacellular.com/wps/portal,18002700001,Mobile Connection Providers
Reliance,http://www.rcom.co.in/,18001003333,Mobile Connection Providers
Reliance Big TV,www.reliancedigitaltv.com,18002009001,Mobile Connection Providers
Reliance BlackBerry,www.rcom.co.in,180030008989,Mobile Connection Providers
Reliance Digital TV (Delhi ),www.rcom.co.in,18002001100,Mobile Connection Providers
Reliance Energy,www.reliancepower.co.in,18002003030,Mobile Connection Providers
Tata Docomo,www.tatadocomo.com,"1800266121,180042012777,18004208282",Mobile Connection Providers
Tata Indicom,http://www.tataindicom.com/,18002663366,Mobile Connection Providers
Tata Power (Mumbai),www.tatapower.com,18002095161,Mobile Connection Providers
Tata Sky,www.tatasky.com,"18604256633,18605006633",Mobile Connection Providers
Tata Teleservices (Guwahati),www.tatateleservices.com,1800266121,Mobile Connection Providers
Videocon (Bangalore),www.videocon.com,18001370444,Mobile Connection Providers
Vodafone,http://www.vodafone.in/pages/index.aspx,"111,18001234567",Mobile Connection Providers
Alcatel Mobile,www.alcatel-mobilephones.com,18002748877,Mobile Phones
Archos (Delhi),www.archos.com,1800425999999,Mobile Phones
Arise Mobiles,www.ariseindialtd.com,18001038888,Mobile Phones
Aroma Mobiles,www.aromamobiles.com,18001022567,Mobile Phones
Beetel,www.beetel.in,18001023456,Mobile Phones
BenQ,www.benq.co.in,1800220808,Mobile Phones
Bird CellPhones,www.bird-phone.com,1800117700,Mobile Phones
BlackBerry,in.blackberry.com,18004253720,Mobile Phones
Bleu,www.bleu.in,18002095625,Mobile Phones
Dell Mobile,www.dell.com,18004254050,Mobile Phones
Dolphin,www.mtnldelhi.in,"1600118844,1800111502,1800111503",Mobile Phones
Fly Mobile,www.flyphone.in,18001030106,Mobile Phones
Garmin Asus,www.garminasus.co.in,18002090365,Mobile Phones
Huawei Phone,www.huawei.com,18002096555,Mobile Phones
Iball Mobile Phone,www.iballmobiles.co.in,180030042255,Mobile Phones
Karbonn Mobiles,www.karbonnmobiles.com,18001162666,Mobile Phones
Kobian,www.kobiankare.com,18004255464,Mobile Phones
Kyocera Communications,www.kyocera-wireless.com,1800121214,Mobile Phones
LG Mobile,www.lgindia.com,18001809999,Mobile Phones
Maxx,www.maxxmobile.in,1800226299,Mobile Phones
Micromax,www.micromaxinfo.com,18605008286,Mobile Phones
Mobile Store,www.themobilestore.in,18602676767,Mobile Phones
Motorola,www.motorola.com,180030004343,Mobile Phones
Nokia,www.nokia.co.in,1130303838,Mobile Phones
Onida,www.onida.com,180030099000,Mobile Phones
Orion Mobiles,www.orionmobiles.com,18001033330,Mobile Phones
Plantronics,www.plantronics.com,"18001801064,18001021064",Mobile Phones
Rage Mobiles,www.rage-mobile.com,18001032565,Mobile Phones
Reliance Mobile,www.rcom.co.in,18001003333,Mobile Phones
Samsung,www.samsung.com,"1800110011,180030008282",Mobile Phones
Sony Ericsson,www.sonyericsson.com,1800111800,Mobile Phones
Spice Mobile,www.spicemobile.in,180030077423,Mobile Phones
Tata Walky,www.tatawalky.com,18004201800,Mobile Phones
The Mobile Store,www.themobilestore.in,"18002096363,18004256363",Mobile Phones
Virgin Mobile,www.virginmobile.in,18002660011,Mobile Phones
Wynncom,www.wynntelecom.com,18001029299,Mobile Phones
Zen Mobile,www.zenmobile.in,18001031936,Mobile Phones
ZTE Corporation,www.zte.com.cn,1800 103 1900,Mobile Phones
Moneygram,www.moneygram.com,18001027333,Money Transfer
Western Union Money Transfer,www.westernunion.com,18004251851,Money Transfer
PVR Cinemas,www.pvrcinemas.com,18002666555,Movie Theaters
CAMS,www.camsonline.com,1800442267,Mutual Funds
Canara Robeco,www.canararobeco.com,18002092726,Mutual Funds
Chola Mutual Fund,www.lntmf.com,18004254455,Mutual Funds
Daiwa Mutual Fund,www.shinseifunds.com,18004195000,Mutual Funds
DSP BlackRock,www.dspblackrock.com,18002004499,Mutual Funds
DSP Merrill Lynch,www.dspmlmutualfund.com,"18003454499,01203987777",Mutual Funds
Fidelity Investments,www.fidelity.com,18001808000,Mutual Funds
HDFC Mutual Fund,www.hdfcfund.com,"18002336767,180030106767",Mutual Funds
ICICI Prudential Mutual Fund,www.icicipruamc.com,"18002006666,1800222999",Mutual Funds
IDFC Mutual Fund,www.idfcmf.com,1800226622,Mutual Funds
J M Morgan Stanley,www.morganstanley.com,1800220004,Mutual Funds
JM Financial Mutual Fund,www.JMFinancialMF.com,1800223132,Mutual Funds
Kotak Mutual Fund,www.kotakmutual.com,1800222626,Mutual Funds
L & T Mutual Fund,www.lntmf.com,"18002000400,18004190200",Mutual Funds
Lotus India Mutual Fund,www.lotusindiaamc.com,1800225888,Mutual Funds
Mirae Asset Mutual Fund,www.miraeassetmf.co.in,18001020777,Mutual Funds
NJ Fundz Network,www.njfundz.com,18002000155,Mutual Funds
Principal,www.principalindia.com,1800225600,Mutual Funds
Principal Mutual Fund (Mumbai),www.principalindia.com,18004255600,Mutual Funds
Prudential ICICI Mutual Fund,www.pruicici.com,1800222273,Mutual Funds
Quantum Asset Management Company Pvt. Limited,www.quantumamc.com,1800223863,Mutual Funds
Reliance Mutual Fund,www.reliancemutual.com,18003001111,Mutual Funds
Sahara India Pariwar,www.saharaindiapariwar.org,"18001805222,18003454499",Mutual Funds
SBI Mutual Fund,www.sbimf.com,1800223040,Mutual Funds
Standard Chartered Mutual Fund,www.standardcharteredmf.com,1800226622,Mutual Funds
Tata Mutual Fund,www.tatamutualfund.com,1800220101,Mutual Funds
UTI Asset Management,www.utimf.com,1800221230,Mutual Funds
UTI Mutual Fund,www.utimf.com,1800113555,Mutual Funds
Brother International (India),www.brother.in,1800222422,Other
Bry-Air,www.bryair.com,18001801211,Other
Call 2 Connect India,www.call2connect.co.in,1800113377,Other
Castrol India,www.castrol.co.in,1800222100,Other
D-Link,www.dlink.co.in,180030003003,Other
Divy Power,www.divypower.com,18002333344,Other
Essar Steel Hypermart,www.steelhypermart.com,1800222002,Other
Eveready,www.evereadyindustries.com,18002094030,Other
Gandhi Automations,www.geapl.co.in,1800225105,Other
Genpact,www.genpact.com,18002003445,Other
Global Innov,www.innov.in,1800224456,Other
Gmmco Limited,www.gmmco.in,18001800043,Other
Good Year,www.goodyear.co.in,18004252546,Other
Gulf Jobs,www.gulfjobs.bh,1800224456,Other
H & R Johnson,www.hrjohnsonindia.com,1800116767,Other
Hero Honda,www.herohonda.com,18004254343,Other
Intelnet,www.intelenetglobal.com,18001800016,Other
Karvy Computershare,www.karvycomputershare.com,1800227484,Other
Kimberly Clark Professional,www.kcprofessional.com,18002093355,Other
Levi's |Levi Strauss & Co.,www.levistrauss.com,18003454001,Other
LS Industries,www.lsilglobal.com,18002338888,Other
Manmar Technologies,www.manmartech.com,18001034799,Other
Preventol,,18004253223,Other
Sahara Care House,www.saharacarehouse.in,18004196666,Other
Sense International (India),www.senseintindia.org,18002337913,Other
Sentinel Guards,www.sentinelguards.com,911294000000,Other
Talisma Corporation,www.talisma.com,18040394400,Other
Tata Steel,www.tatasteel.com,18001027633,Other
Tata Tiscon,www.tatatiscon.co.in,18004251760,Other
Xylys,www.xylyswatches.com,1800338282,Other
Zen Technologies,www.zentechnologies.com,18003458282,Other
Dlink Router,www.dlink.co.in,"1800228998,18002330000",Others
Naukri.Com,www.naukri.com,18001025557,Others
Sulekha.Com Bangalore (Bangalore),www.sulekha.com,180030001212,Others
Timesjobs,www.timesjobs.com,18605005500,Others
TTD,www.tirumala.org,18004254141,Others
Xerox India,www.xerox.com,18001801225,Others
Agarwal Packers & Movers,www.agarwalpackersl.com,1800114321,Packers and Movers
Associated Cargo Movers & Packers (P) Ltd.,www.associatedpackers.com,18002334560,Packers and Movers
Associated Packers (P) Ltd,www.associatedpackers.com,1800223020,Packers and Movers
Best Cargo Packers & Movers,www.bestpackermover.com,1800119119,Packers and Movers
BRL Packers & Movers,www.brlpackers.com,1800119119,Packers and Movers
Caravan Packers N Movers,www.carvanpackers.com,18001031177,Packers and Movers
DRS Transport (P) Ltd.,www.drstrans.com,1800114321,Packers and Movers
Goel Packers & Movers,www.rdgoel.com,1800113456,Packers and Movers
Times Packers & Movers,www.timespackers.org,18001039991,Packers and Movers
TLL Packers & Movers,www.tllpackers.com,1800119119,Packers and Movers
Asian Paints Home Solutions,www.asianpaints.com,1800225678,Paint Shops
Dulux Velvet Touch,www.icidulux.co.in,18001037373,Paint Shops
Kansai Nerolac Paints,www.nerolac.com,1800220024,Paint Shops
Lewis Berger Paints,www.bergerpaints.com,"18003458800,1800221881",Paint Shops
Pedigree,www.pedigree.com,1800112121,Pet & Pet Care
Canon,www.canon.co.inÂ ,18003453366,Photography/Videography
Kodak India,http://wwwin.kodak.com,1800228877,Photography/Videography
Domino's Pizza,www.dominos.co.in,1800111123,Pizza
Smokin' Joe's Fresh Pizzas,www.smokinjoespizza.com,1800220011,Pizza
American Power Conversion,www.apc.com/in,18003454272,Power Plant
Cummins,www.cumminsindia.com,18002332000,Power Plant
Jaiprakash Hydro-Power Ltd.,www.jhpl.com,18001801109,Power Plant
Business Standard,www.business-standard.com,"1800114300,18002333999","Press, Media & Publication Services"
Business Today Magazine,www.business-today.com,,"Press, Media & Publication Services"
Caravan,www.caravanmagazine.in,18001038880,"Press, Media & Publication Services"
CNBC Awaaz,www.moneycontrol.com,18002097890,"Press, Media & Publication Services"
CNN-IBN,www.ibnlive.in.com,1204341818,"Press, Media & Publication Services"
Coca-cola NDTV Support My School,www.ndtv.com,18001036617,"Press, Media & Publication Services"
Fortune Magazine,www.fortune.com,180030100033,"Press, Media & Publication Services"
Grazia,www.graziamagazine.co.uk,1800222218,"Press, Media & Publication Services"
Hindustan Times,www.hindustantimes.com,18601804242,"Press, Media & Publication Services"
India Today Magazine,www.indiatoday.com,,"Press, Media & Publication Services"
Scientific American India,www.sciam.co.in,18001800100,"Press, Media & Publication Services"
The Gazette of India,www.gazetteofindia.org,1123915064,"Press, Media & Publication Services"
Zee Business,http://biz.zeenews.com,18001803545,"Press, Media & Publication Services"
Indian Railways,www.indianrail.gov.in,18001806131,Public Transport
Northern Railway India,www.nr.indianrailways.gov.in,1800112511,Public Transport
Indian Railway Centralised Railway Enquiry,www.indianrail.gov.in,"1330,1331,1332,1333,1334,1335,1336,1337,1338,1339",Railway Enquiry
Indian Railway Railway Reservation Enquiry,www.indianrail.gov.in,"1345,1335,1330",Railway Enquiry
Indian Railway Reservation,www.indianrail.gov.in,"131,139",Railway Enquiry
Aconex,www.aconex.com,18001022233,Real Estate Agents
Agni Property,www.agniproperty.com,18002000444,Real Estate Agents
Akme,www.akmeprojects.com,18001022563,Real Estate Agents
Ansal API,www.ansalapi.com,18002665565,Real Estate Agents
Arrow Infra,www.arrowinfra.com,18001039212,Real Estate Agents
AVA Merchandising,www.avamerchandising.co.in,18002006644,Real Estate Agents
Better Option Propmart (BOP),www.bopgroup.in,18001025055,Real Estate Agents
BPTP Limited,www.bptp.com,18001022787,Real Estate Agents
Buniyad,www.buniyad.com,18001034500,Real Estate Agents
DLF Homes,www.dlf.in,18001033534,Real Estate Agents
Emaar MFG,www.emaarmgf.com,18001023643,Real Estate Agents
Hiranandani Estate,www.hiranandani.com,1800222233,Real Estate Agents
Indiabulls,www.indiabulls.com,"180030005511,18004256325",Real Estate Agents
IndiaProperties,www.indiaproperties.com,1800222233,Real Estate Agents
Ireo world,www.ireoworld.com,18002007755,Real Estate Agents
Jaypee Greens,www.jaypeegreens.com,18002000001,Real Estate Agents
Kirloskar Engineering,www.kirloskarsolutions.in,"18001809900,18004254877",Real Estate Agents
M-Tech Developers,www.mtechdevelopers.com,18002004050,Real Estate Agents
M3M India,www.m3mindia.com,18001233333,Real Estate Agents
Magicbricks,www.magicbricks.com,18002004050,Real Estate Agents
MVL Limited,www.mvl.in,1800116363,Real Estate Agents
Om Radianz,www.omradianz.com,18001022288,Real Estate Agents
Om Sai Global,www.omsaiglobal.com,18001032299,Real Estate Agents
Paras Buildtech India,www.parasbuildtech.com,18001032424,Real Estate Agents
Pearls Infrastructure,www.pearlsinfrastructure.com,18001022627,Real Estate Agents
Provence Estate,www.provence-estate.com,18001021166,Real Estate Agents
Real Estate Guru,www.realestateguru.com,18001021154,Real Estate Agents
Sobha Developers,www.sobhadevelopers.com,1800119757,Real Estate Agents
Sumanglam,www.sumangalampropmart.com,18004250006,Real Estate Agents
Sunil Mantri Realty Limited,www.mantrirealty.com,18001037707,Real Estate Agents
Supertech Limited,www.supertechlimited.com,18001031122,Real Estate Agents
Unitech Limited,www.unitechgroup.com,18001037676,Real Estate Agents
Vian Infrastructure Limited,www.vian.in,"18001026611,18004255511",Real Estate Agents
Vipul Facility Management (VFM),www.vipulfacility.com,18001806677,Real Estate Agents
Wave City,www.wavecity.in,1800118426,Real Estate Agents
Tirumala Tirupati Devasthanam,www.tirumala.org,1800-425-333-333,Religious & Spiritual Centers
Abhipra,www.abhipra.com,180030017777,Retail
Amway,www.amway.in,18001800789,Retail
Big Bazaar,www.bigbazaar.com,18001800300,Retail
Colgate,www.colgate.co.in,18002002255,Retail
ColorPlus,www.colorplusonline.com,1800225599,Retail
Cosmopolitan,www.cosmopolitan.in,18004191100,Retail
Croma,www.cromaretail.com,18002583636,Retail
Dabur Chyawan Junior,www.dabur.com/Chyawan Junior,18001022310,Retail
Ebay,www.ebay.com,18002093229,Retail
Electrolux,www.electrolux.in,18001022310,Retail
Flipkart,www.flipkart.com,18001023547,Retail
FutureBazaar,www.futurebazaar.com,"18004194040,18002660809",Retail
Groupon,www.groupon.co.in,18001083000,Retail
Hanes,www.hanes.co.in,1800220055,Retail
"Hiranandani Palace Gardens, Chennai",www.palacegardens.com/en,1800222211,Retail
Home Shop 18 (Bangalore),www.homeshop18.com,18001800918,Retail
i-mint,www.imintpoints.com,18001026648,Retail
Infibeam (Ahmedabad ),www.infibeam.com,18001026026,Retail
Iomega,go.iomega.com,18004195253,Retail
Meena Bazaar,www.meenabazaar.org,18001022696,Retail
Metro Cash & Carry,www.metro.co.in,18604204214,Retail
MMTC Retail,www.mmtcretail.com,18004250099,Retail
Mom & Me | Mahindra Retail,www.momandme.in,18001800000,Retail
Moserbaer,www.moserbaer.in,18001030606,Retail
Moserbaer Home Video,www.moserbaerhomevideo.com,1800111113,Retail
Next Retail,www.next.co.in,1800221099,Retail
Omega Watches,www.omegawatches.com,180030070000,Retail
Paytm,www.paytm.com,180018001234,Retail
Pidilite Industries,www.pidilite.com,1800119191,Retail
Rediff Shopping (Mumbai),www.shopping.rediff.com,18002662333,Retail
Sodexho,www.sodexhoindia.com,"1800227845,1800114344",Retail
Spencer's,www.spencersretail.com,1800220151,Retail
Supervalu Store,www.supervalu.com,18002660134,Retail
Vishal Megamart,www.vishalmegamart.net,1800228101,Retail
Welspun Welhome,www.welspun-retail.com,18002094455,Retail
Wipro Consumer Care and Lighting,www.wcclg.com,18004251969,Retail
Woodland,www.woodlandworldwide.com,18004251969,Retail
Acer,www.acer.co.in,1800116677,Software Companies
Acer LCD (Delhi),www.acer.co.in,18001033311,Software Companies
Adecco (Bangalore),www.adecco.com,1300233226,Software Companies
ADM,www.adm.com,18004256664,Software Companies
Adrenalin,www.myadrenalin.com,1800444445,Software Companies
Agilent (Gurgaon),www.agilent.com,18001801517,Software Companies
Allsec Technologies,www.allsectech.com,18004255732,Software Companies
Amazon,www.amazon.in,180030009009,Software Companies
AOC Monitors,www.aocmonitor.co.in,18004254318,Software Companies
Apple (MAC),www.apple.com/mac,"18004254646,18004254683",Software Companies
Apple Laptop,www.apple.com,18006762775,Software Companies
ASUS Technology,http://in.asus.com,18002090365,Software Companies
AVG Antivirus,www.avg.com,1800227529,Software Companies
Brother,www.brother.com,1800222422,Software Companies
Chirag (R.P. Infosystems),www.rpchirag.com,18003456365,Software Companies
Cisco,www.cisco.com,"18001001364,18001037723",Software Companies
Cisco Systems,www.cisco.com/in,1800221777,Software Companies
Compaq,www.compaq.com,8008880220,Software Companies
Dell,www.dell.co.in,"1800444026,18004254026",Software Companies
Dell India,www.dell.com,18004259045,Software Companies
Dell Laptop (Bhopal),www.dell.co.in,18004259046,Software Companies
Emachines,www.emachines.com,"180030002237,1800116677",Software Companies
Eset,www.esetindia.com,18002091999,Software Companies
eSys Information Technologies,www.esys.in,18001020304,Software Companies
Frontech,www.frontechonline.com,18003453030,Software Companies
Fujitsu India,http://in.fujitsu.com,18001023457,Software Companies
G7 Systems,www.g7systems.in,18004253700,Software Companies
HCL,www.hcl.in,18001808080,Software Companies
Hilti,www.hilti.com,18001026400,Software Companies
HP,www.hp.com/in,"18004254999,1800112267",Software Companies
HTC,www.htc.com,18002663566,Software Companies
iBall Li'L Book,www.lilbook.co.in,180020942255,Software Companies
IBM,www.ibm.com/in,"18004253333,18004256666",Software Companies
IBM Lenovo,www.lenovo.com,18004253336,Software Companies
Inspirisys Solutions Ltd.,www.inspirisys.com,04442252000,Software Companies
Intel,www.intel.com,18004256835,Software Companies
Intex,www.intextechnologies.com,1800116789,Software Companies
K7 Antivirus,www.k7computing.com,18004190077,Software Companies
Kaspersky Antivirus,www.kaspersky.com,"18002092012,18002332010",Software Companies
Kingston Technology Corporation,www.kingston.com,"18004254515,18602334515",Software Companies
Lenovo,www.lenovo.com,"18004253353,18004254240",Software Companies
Lenovo Thinkpad,www.lenovo.com,180030707555,Software Companies
Lexmark,www.lexmark.com,1800224477,Software Companies
McAfee Antivirus,www.mcafee.com,"1800300024,180030002656",Software Companies
Microsoft,www.microsoft.com/india,1800111100,Software Companies
Netgear ( Delhi ),www.countries.netgear.com,18001024327,Software Companies
Norton Antivirus (Mumbai),www.norton.com,18001024235,Software Companies
Novatium Computing,www.novatium.com,1800115522,Software Companies
PC Guru Live,www.pcgurulive.com,18002664878,Software Companies
Philips,www.philips.co.in,"18001022929,18004256396",Software Companies
Quantum,www.quantum.com,18004258273,Software Companies
Sahara Computers,www.saharacomputer.co.in,18001807235,Software Companies
Seagate - Hard Disc Drives,www.seagate.com,18001801104,Software Companies
SQL Star,www.sqlstar.com,18004252944,Software Companies
SSI Education,www.ssieducation.org,1800221550,Software Companies
Symantec,www.symantec.com,1800445533,Software Companies
Tally Solutions,www.tallysolutions.com,"1800228859,18004258859",Software Companies
Toshiba India,www.toshiba-india.com,"1800118674,18002008674",Software Companies
Total Surveillance Solutions Pvt. Ltd.,www.totalsurveillanceinc.com,1800118833,Software Companies
Webex - online meeting solutions,www.webexindia.com,18004253535,Software Companies
WeP Peripherals,www.wepindia.com,1800446446,Software Companies
Wipro,www.wipro.in,18003453312,Software Companies
Zenith,www.zenith-india.com,1800222004,Software Companies
Anand Rathi,www.rathi.com,180030017777,Stocks and Shares
Bombay Stock Exchange (BSE),www.bseindia.com,1800220252,Stocks and Shares
Bonanza,www.bonanzaonline.com,"18002001002,18001033333",Stocks and Shares
Central Public Works Department (CPWD),www.cpwdsewa.nic.in,18001033388,Stocks and Shares
Edelweiss,www.edelweiss.in,18001023335,Stocks and Shares
Emkay Share and Stock Brokers,www.emkayshare.com,18001023335,Stocks and Shares
Fairwealth,www.fairwealth.in,"1800229002,18001029191",Stocks and Shares
Fidelity International,www.fidelity.co.in,18001020052,Stocks and Shares
HSBC InvestDirect,www.hsbcinvestdirect.co.in,18002709999,Stocks and Shares
ICICIDirect.com,www.icicidirect.com,1800224444,Stocks and Shares
IDBI Paisebuilder,www.idbipaisabuilder.in,1800229191,Stocks and Shares
India Infoline,www.indiainfoline.com,"1800223355,18001021099",Stocks and Shares
Investmentz.co.in,www.investmentz.co.in,1800229002,Stocks and Shares
JRG Securities,www.inditrade.com,18002000400,Stocks and Shares
MMS Forex,www.mms-forex.com,18004259988,Stocks and Shares
Networth Stock Broking,www.networthdirect.com,18001801245,Stocks and Shares
NJ Trading,www.njindiaonline.com,1800220223,Stocks and Shares
PNB Online Trading,www.pnbindia.com,18002330155,Stocks and Shares
R. K. Traders,www.rktraders.in,1800110909,Stocks and Shares
Religare Health Insurance,www.religarehealthinsurance.com,18002004488,Stocks and Shares
Religare Securities (Delhi),www.religaresecurities.com,18602588888,Stocks and Shares
Share Khan - Dial-n-Trade Service,www.sharekhan.com,1800227050,Stocks and Shares
Sharekhan,www.sharekhan.com,1800227500,Stocks and Shares
Unicon Securities,www.uniconindia.in,1800227050,Stocks and Shares
AAA Tele shopping,www.aaateleshopping.biz,1800116633,Telecom Enquiry
Airtel Enterprise,www.airtel.in,18001034334,Telecom Enquiry
BenQ,www.benq.co.in,1800220808,Telecom Enquiry
Bharti Airtel Office (Gurgaon),www.airtel.in,1800102002,Telecom Enquiry
BSNL,www.bsnl.co.in,"18001031111,18002094477",Telecom Enquiry
Clay Telecom,www.clay.co.in,18001801503,Telecom Enquiry
Cordia LT,www.cordialt.com,"18001021113,1800223366",Telecom Enquiry
Idea Cellular,www.ideacellular.com,18001805555,Telecom Enquiry
Matrix,www.matrix.in,18002700000,Telecom Enquiry
Motorola MotoAssist,www.motorola.com,1800111211,Telecom Enquiry
MTNL Mobile Service,www.mtnldelhi.in,1800111500,Telecom Enquiry
MTNL Trustline,www.mtnltrustline.com,1800115151,Telecom Enquiry
Nokia,www.nokia.com,30303838,Telecom Enquiry
Reliance Communications,www.rcom.co.in,180030005555,Telecom Enquiry
Reliance Passport,www.reliancepassport.com,180030005555,Telecom Enquiry
Sony Ericsson,www.sonyericsson.com,39011111,Telecom Enquiry
Tata Docomo,www.tatadocomo.com,"180030013333,180030000333",Telecom Enquiry
Uniconnect,www.uniconnect.in,18002660000,Telecom Enquiry
V-Tel Mobile,www.v-tel.com,18001234567,Telecom Enquiry
Videocon Mobile Phones,www.videoconmobiles.com,1800223400,Telecom Enquiry
Virgin Mobile,www.virginmobile.in,18001025111,Telecom Enquiry
Vodafone,www.vodafone.in,18002094444,Telecom Enquiry
World Phone,www.worldphone.in,"18001028835,18002664499",Telecom Enquiry
Asian Sky Shop,www.asianskyshopbd.biz,1800115222,Teleshopping
Elatrip,www.elatrip.com,18001033456,Teleshopping
HomeShop18,www.homeshop18.com,1800221800,Teleshopping
Jaipan Teleshoppe,www.jaipanteleshoppe.com,1800111718,Teleshopping
Tele Brands,www.telebrandsindia.com,1800115225,Teleshopping
Telemart Shopping Network,www.telemartnetwork.com,18001024312,Teleshopping
Teleone,www.teleone.in,18002001414,Teleshopping
Tiens India,www.tiensindia-shopping.com,1800118000,Teleshopping
Today Shop,www.todayshop.in,1800112344,Teleshopping
Tradus.in,www.tradus.in,18002006262,Teleshopping
TV Shoppee Tele Mall,www.telemall.tv,18002669700,Teleshopping
TV24 Shoppee,www.tv24shopee.com,1800112434,Teleshopping
TVC Sky Shop,www.tvcskyshop.com,18001031000,Teleshopping
TVM,www.globalskyshopindia.com,1800227272,Teleshopping
Value Sky Shop,www.valueskyshop.com,1800220080,Teleshopping
VMI Teleshopping,www.hotfrog.in,18001803060,Teleshopping
Wonder Brands,www.wonderbrands.org,1800220777,Teleshopping
WWS Tele Choice,,1800447777,Teleshopping
100% Holidays,www.100percentholidays.net,1800221235,Tourism Department Offices
Ace Tours,www.acetoursindia.com,1800222665,Tourism Department Offices
Himachal Tourism,www.himachaltourism.nic.in,18004256436,Tourism Department Offices
Karnataka Tourism,www.karnatakatourism.org,18004251414,Tourism Department Offices
Kerala Tourism,www.keralatourism.org,18004254747,Tourism Department Offices
Tourism Ireland,www.discoverireland.com,18004254747,Tourism Department Offices
Tourism Malaysia,www.tourism.gov.my,1800223473,Tourism Department Offices
Akbar Travels,www.akbartravelsonline.com,18002336667,Tours/Travel
Akshar Travels,www.akshartravels.com,1800226000,Tours/Travel
Amadeus,www.amadeus.com,1800111200,Tours/Travel
Amara Raja Batteries,www.amararaja.co.in,18004254848,Tours/Travel
APSRTC (Bangalore),www.apsrtconline.in,18002004599,Tours/Travel
Arzoo,www.arzoo.com,18002339008,Tours/Travel
Been There Done That,www.beentheredonethat.co.in,1800222120,Tours/Travel
Cambay Tours,www.cambaytours.com,180011872835,Tours/Travel
Cleartrip (Mumbai),www.cleartrip.com,"18002701000,18602339000",Tours/Travel
Club Mahindra Holidays,www.clubmahindra.com,180030027777,Tours/Travel
Country Vacations India,www.countryvacationsindia.com,18004254539,Tours/Travel
Cox & Kings,www.coxandkings.com,18004256644,Tours/Travel
Deccan Charters,www.deccancharters.com,1800221235,Tours/Travel
Dewan Worldwide Holidays,www.dewanholidays.com,18001031034,Tours/Travel
Ezeego1,www.ezeego1.com,1800117888,Tours/Travel
God TV Tours,www.god.tv,1800220177,Tours/Travel
Goibibo,www.goibibo.com,18602585858,Tours/Travel
India Ahoy,www.indiaahoy.com,1800442777,Tours/Travel
Indiatimes Travel,http://travel.indiatimes.comÂ ,1800112289,Tours/Travel
IRCTC,www.irctc.com,1800111139,Tours/Travel
Jetair Tours,www.jetairtours.com,18001808800,Tours/Travel
Kesari,www.kesari.in,18002003330,Tours/Travel
King Club,www.kingclub.me,1800221100,Tours/Travel
Kumarakom Lake Resort,www.thepaul.in,18002093030,Tours/Travel
Kuoni Holidays,www.kuoniholidays.co.in,1800445030,Tours/Travel
Make my Trip,www.makemytrip.com,1800221008,Tours/Travel
Namastey India,www.namasteindiatours.com,"1800118747,1800118687,18001028687,18001028747",Tours/Travel
Pearl Travels,www.pearltravels.com,1800224044,Tours/Travel
Prime Travels,www.primetravels.com,18002338687,Tours/Travel
Raj Travels & Tours,www.rajtravels.com,1800112727,Tours/Travel
RCI Group,www.rciindia.in,1800229900,Tours/Travel
Ruby Tour Services,www.rubytours.in,18004252131,Tours/Travel
Sahara Global,www.saharaglobal.in,18002092211,Tours/Travel
Shree Raj Travels & Tours Ltd.,www.rajtravels.com,18001809090,Tours/Travel
Sita Tours,www.sitatours.com,1800111911,Tours/Travel
SOTC - World Famous Tours,www.sotc.co.in,18002093344,Tours/Travel
Strawberi Holidays,www.strawberi.in,1800229080,Tours/Travel
Thomas Cook,www.thomascook.in,1800229080,Tours/Travel
Travel Corporation (India) Pvt. Ltd.,www.tcindia.com,1800228687,Tours/Travel
Travel Guru,www.travelguru.com,1800228687,Tours/Travel
Travel House,www.travelhouseindia.com,2242754878,Tours/Travel
Travel Port,www.TravelPort.in,1800222426,Tours/Travel
Travel Spice,www.travelspice.com,18001020505,Tours/Travel
Travel Tours,www.traveltours.in,1800222426,Tours/Travel
TravelChaCha.com,www.travelchacha.com,1800425240,Tours/Travel
TravelMasti Holidays,www.travelmasti.com,1800116622,Tours/Travel
Travelocity,www.travelocity.co.in,1800115577,Tours/Travel
Traveloclick.com,www.traveloclick.com,18001801222,Tours/Travel
TUI India,www.tui.in,1800116655,Tours/Travel
Visit Britain,www.visitbritainshop.co.uk,18002007800,Tours/Travel
Voyages,www.voyagesindia.com,18002097071,Tours/Travel
World of TUI,www.tui-group.com,1800227888,Tours/Travel
Yatra,www.yatra.com,18001029900,Tours/Travel
Yatra.com,www.yatra.com,1800113211,Tours/Travel
Zenith Holidays,www.zenithholidays.com,1800112277,Tours/Travel
101domain.in,www.101domain.in,18004253838,UPS/Inverters
Amaron Quanta,www.quanta.in,18002002288,UPS/Inverters
APC,www.apc.com,8778004272,UPS/Inverters
Base Corporation,www.basecorporation.com,18004254272,UPS/Inverters
CES Onyx,,"18004259494,1800446446",UPS/Inverters
Globatt Batteries,www.rahimafrooz.com,18001800007,UPS/Inverters
ITON UPS - Emerson Network Power,www.emersonnetworkpower.co.in,1800223331,UPS/Inverters
Luminous,www.luminousindia.com,1800113535,UPS/Inverters
Microtek Inverter,www.microtekdirect.com,18002000255,UPS/Inverters
Numeric,www.numericups.com,1800443266,UPS/Inverters
Parker Power,www.parkerpower.in,1800113333,UPS/Inverters
Rahimafrooz Batteries,www.rahimafrooz.com,1800111818,UPS/Inverters
Servomax,www.servomax.net,18004253927,UPS/Inverters
Su-Kam,www.su-kam.com,18001024423,UPS/Inverters
Tata Green Batteries,www.tatagreenbattery.com,18004198888,UPS/Inverters
TruePower,www.truepower.in,18004198888,UPS/Inverters
Uniline Energy Systems,www.unilineindia.com,1800112020,UPS/Inverters
Xenon,www.amararaja.co.in/xenon,18001022011,UPS/Inverters
24X7guru.com,www.24x7guru.com,18003454466,Waste Management
Aquafina (Gurgaon),www.aquafina.com,1800224020,Water Purifier Dealers
Aquaguard,www.eurekaforbes.com,18602003434,Water Purifier Dealers
Eureka Forbes,www.eurekaforbes.com,18602661177,Water Purifier Dealers
Pureit,www.pureitwater.com,"18601801000,1860500567,18605005678",Water Purifier Dealers
99acres.com,www.99acres.com,18001027337,Websites
Adani Wilmar,www.adaniwilmar.com,18002339999,Websites
Bag It Today,www.myadrenalin.com,18004252425,Websites
Benchmark Six Sigma,www.bagittoday.com,18004199099,Websites
Bigrock,www.benchmarksixsigma.com,18001024100,Websites
Buzzintown,www.bigrock.in,18001023003,Websites
Carrefour,www.buzzintown.com,18002007625,Websites
Cleartrip,www.carrefour.in,18004252899,Websites
CtrlS,www.ctrls.in,18001028757,Websites
